{
  "n_estimators": 850,
  "max_depth": 8,
  "learning_rate": 0.02496008820795824,
  "subsample": 0.7201946546225483,
  "colsample_bytree": 0.666818194677028,
  "min_child_weight": 3,
  "reg_alpha": 1.0216018418273198,
  "reg_lambda": 4.0158694945704925,
  "gamma": 0.2820389054261859
}