{
  "n_estimators": 2000,
  "max_depth": 7,
  "learning_rate": 0.05,
  "subsample": 0.9632614339119041,
  "colsample_bytree": 0.9021982653340186,
  "min_child_samples": 12,
  "reg_alpha": 0.7704460709548324,
  "reg_lambda": 4.199565674317448,
  "num_leaves": 54
}