{
  "n_estimators": 2000,
  "max_depth": 7,
  "learning_rate": 0.031340085397316995,
  "subsample": 0.9282824240896135,
  "colsample_bytree": 0.9105222406899631,
  "min_child_weight": 5,
  "reg_alpha": 1.3353629252521086,
  "reg_lambda": 4.519204171143837,
  "gamma": 0.39474174304568777
}